{
  "version": 1,
  "author": "The Bin - Hack Club",
  "editor": "wokwi",
  "parts": [
    { "type": "board-pi-pico-w", "id": "pico", "top": 121.55, "left": 3.55, "attrs": {} },
    {
      "type": "wokwi-tm1637-7segment",
      "id": "wokwi-tm1637-7segment-0",
      "top": 307.16,
      "left": -213.77,
      "attrs": {}
    },
    {
      "type": "board-ssd1306",
      "id": "board-ssd1306-0",
      "top": 233.54,
      "left": 125.03,
      "attrs": {}
    },
    {
      "type": "wokwi-hc-sr04",
      "id": "wokwi-hc-sr04-0",
      "top": 120.3,
      "left": -267.9,
      "rotate": 90,
      "attrs": { "distance": "400" }
    }
  ],
  "connections": [
    [ "pico:GP0", "$serialMonitor:RX", "", [] ],
    [ "pico:GP1", "$serialMonitor:TX", "", [] ],
    [ "wokwi-hc-sr04-0:VCC", "pico:3V3", "red", [ "h0" ] ],
    [ "pico:GP3", "wokwi-hc-sr04-0:TRIG", "green", [ "h0" ] ],
    [ "pico:GP2", "wokwi-hc-sr04-0:ECHO", "green", [ "h0" ] ],
    [ "pico:GND.1", "wokwi-hc-sr04-0:GND", "black", [ "h0" ] ],
    [ "wokwi-tm1637-7segment-0:GND", "pico:GND.2", "black", [ "h0" ] ],
    [ "wokwi-tm1637-7segment-0:VCC", "pico:3V3", "red", [ "h0" ] ],
    [ "wokwi-tm1637-7segment-0:DIO", "pico:GP4", "green", [ "h0" ] ],
    [ "wokwi-tm1637-7segment-0:CLK", "pico:GP5", "green", [ "h0" ] ],
    [ "board-ssd1306-0:GND", "pico:GND.3", "black", [ "v0" ] ],
    [ "board-ssd1306-0:VCC", "pico:3V3", "red", [ "v0" ] ],
    [ "board-ssd1306-0:SDA", "pico:GP0", "green", [ "v0" ] ],
    [ "board-ssd1306-0:SCL", "pico:GP1", "green", [ "v0" ] ]
  ],
  "dependencies": {}
}