{
  "version": 1,
  "author": "The Bin - Hack Club",
  "editor": "wokwi",
  "parts": [
    { "type": "board-pi-pico-w", "id": "pico", "top": 0, "left": 0, "attrs": {} },
    {
      "type": "wokwi-pushbutton",
      "id": "btn1",
      "top": 86.8,
      "left": 157.6,
      "rotate": 90,
      "attrs": { "color": "green" }
    },
    {
      "type": "wokwi-buzzer",
      "id": "bz1",
      "top": 88.8,
      "left": -123,
      "attrs": { "volume": "0.1" }
    },
    { "type": "wokwi-led", "id": "led1", "top": 236.4, "left": 23, "attrs": { "color": "red" } },
    {
      "type": "board-ssd1306",
      "id": "oled1",
      "top": 233.54,
      "left": -105.37,
      "attrs": { "i2cAddress": "0x3c" }
    },
    {
      "type": "wokwi-resistor",
      "id": "r1",
      "top": 311.15,
      "left": 67.2,
      "attrs": { "value": "220" }
    },
    {
      "type": "wokwi-resistor",
      "id": "r2",
      "top": 186.35,
      "left": 134.4,
      "attrs": { "value": "10000" }
    }
  ],
  "connections": [
    [ "pico:GP0", "$serialMonitor:RX", "", [] ],
    [ "pico:GP1", "$serialMonitor:TX", "", [] ],
    [ "btn1:2.l", "pico:3V3", "green", [ "h0" ] ],
    [ "btn1:2.r", "pico:GP16", "green", [ "h0" ] ],
    [ "pico:GP16", "r2:1", "green", [ "v0" ] ],
    [ "r2:2", "pico:GND.5", "green", [ "v0" ] ],
    [ "bz1:1", "pico:GND.1", "green", [ "v0" ] ],
    [ "bz1:2", "pico:GP18", "green", [ "v0" ] ],
    [ "led1:A", "r1:1", "green", [ "v0" ] ],
    [ "r1:2", "pico:GP18", "green", [ "v0" ] ],
    [ "led1:C", "pico:GND.2", "green", [ "v0" ] ],
    [ "oled1:GND", "pico:GND.3", "black", [ "v0" ] ],
    [ "oled1:VCC", "pico:3V3", "red", [ "v0" ] ],
    [ "oled1:SCL", "pico:GP15", "green", [ "v0" ] ],
    [ "oled1:SDA", "pico:GP14", "green", [ "v0" ] ]
  ],
  "dependencies": {}
}